<?xml version="1.0" encoding="utf-8"?>
<Toc Version="2" MINORVERSION="0">
	<Application>
		<Class Name="Os">
			<File Name="arsimproxy.dll" Size="211968" HashValue="328FF3578BB9AE81A876517EC604AB4C" ProjectDependent="1"/>
			<File Name="InaFrms.dll" Size="98304" HashValue="BCBB8AB4B7168E2BB538CF86E5B742A3" ProjectDependent="1"/>
			<Folder Name="Brm" ProjectDependent="1">
				<File Name="@cfAR000.br" Size="4340" HashValue="BC3B28C8A1AA5213A9B3B08148145F90" ProjectDependent="1"/>
				<File Name="@sbAR000.br" Size="2292" HashValue="89931CAF05785EDDD356DB626FC6D8E7" ProjectDependent="1"/>
			</Folder>
			<Folder Name="System" ProjectDependent="1">
				<Folder Name="BASE" ProjectDependent="1">
					<Folder Name="COMPONENTS" ProjectDependent="1">
						<File Name="ArLcTextP.br" Size="537344" HashValue="E05F098D39012CDCD0A3DBA9B9047B54" ProjectDependent="1"/>
						<File Name="ArUnitSys.br" Size="476228" HashValue="CE3F96837303ADA6203FFEA1FCD8E225" ProjectDependent="1"/>
					</Folder>
					<Folder Name="HWD" ProjectDependent="1">
						<File Name="AsHwdhw_upl.xml.gz" Size="16512" HashValue="9986327CAC1D59E65A306A3B860A1C45" ProjectDependent="1"/>
						<File Name="AsHwdSimulation.xml.gz" Size="12860" HashValue="35679AA1656364861A8E981AEAB4EB4E" ProjectDependent="1"/>
					</Folder>
				</Folder>
				<Folder Name="SDM" ProjectDependent="1">
					<File Name="arsdm.tar.gz" Size="516864" HashValue="1272F035B87A37F01F00233D8792905C" ProjectDependent="1"/>
				</Folder>
				<Folder Name="TOC" ProjectDependent="1">
					<File Name="ftoc.xml" Size="821" HashValue="F83AEC703141D083AB19580424BF781A" ProjectDependent="1"/>
				</Folder>
				<Folder Name="WEBSERV" ProjectDependent="1">
					<File Name="ArWebServ.br" Size="108964" HashValue="DC52A5871E971A510CBA4D24A16FCB8B" ProjectDependent="1"/>
				</Folder>
			</Folder>
		</Class>
	</Application>
</Toc>