<?xml version="1.0" encoding="utf-8"?>
<TOC>
	<ITEM ID="FILE" NAME="AR000.exe" DIR="" OS="1" HASH="" HASHVALUE="8DBB8737077EEBD4DC9A6FBA700D33B8" SIZE="6109368" MODIFIED="2022-02-01 12:32:46" WRITECMD="3"/>
	<ITEM ID="FILE" NAME="AR000Debug.exe" DIR="" OS="1" HASH="" HASHVALUE="7A7592A6F866FB65ED807CF52B4CD3E3" SIZE="317624" MODIFIED="2022-02-01 12:32:46" WRITECMD="3"/>
	<ITEM ID="FILE" NAME="ar000loader.exe" DIR="" OS="1" HASH="" HASHVALUE="C31D795A435CF5B2FE5E88DA44697554" SIZE="4427960" MODIFIED="2022-02-01 12:32:46" WRITECMD="3"/>
	<ITEM ID="FILE" NAME="ar000stop.exe" DIR="" OS="1" HASH="" HASHVALUE="D2CA918F166E2CFCE1A78432541B63F5" SIZE="79544" MODIFIED="2022-02-01 12:32:46" WRITECMD="3"/>
	<ITEM ID="FILE" NAME="arUpd.bat" DIR="" OS="1" HASH="" HASHVALUE="0503FA0EA6E89C381DB4F0A593073062" SIZE="1124" MODIFIED="2022-02-01 12:32:46" WRITECMD="3"/>
	<ITEM ID="FILE" NAME="InaFrm.dll" DIR="" OS="1" HASH="" HASHVALUE="3DEEAB31E0CF16086A7F6BFCB99C22BF" SIZE="73728" MODIFIED="2022-02-01 12:32:46" WRITECMD="3"/>
	<ITEM ID="FILE" NAME="Packet.dll" DIR="" OS="1" HASH="" HASHVALUE="8311123D9587273202671A5B8634C9F3" SIZE="90112" MODIFIED="2022-02-01 12:32:46" WRITECMD="3"/>
	<ITEM ID="FILE" NAME="PviLog.dll" DIR="" OS="1" HASH="" HASHVALUE="E5ED364ACA28CB656437ADA36FAC0F5B" SIZE="106543" MODIFIED="2022-02-01 12:32:46" WRITECMD="3"/>
	<ITEM ID="FILE" NAME="wpcap.dll" DIR="" OS="1" HASH="" HASHVALUE="A356ACA4C981AADE2173331BCDB3587A" SIZE="274432" MODIFIED="2022-02-01 12:32:46" WRITECMD="3"/>
	<ITEM ID="FILE" NAME="fscfg.xml" DIR="System/TOC" OS="1" HASH="" HASHVALUE="52ABD9BF4553D31C56A03C36AEB67323" SIZE="5911" MODIFIED="2022-02-01 12:32:46"/>
</TOC>