﻿<?xml version="1.0" encoding="utf-8" standalone="yes"?>
<Parameters>
  <Connection>
    <DeviceParameters>/IF=tcpip /LOPO=11159 /SA=1</DeviceParameters>
    <ConnectionParameters>/COMT=2500 /RT=1000 /AM=* /SDT=5 /DAIP=192.168.1.5 /REPO=11159 /ANSL=1 /PT=11169</ConnectionParameters>
  </Connection>
  <AsProject>
    <ApjFullFileName>C:\Users\quyta\OneDrive\Skrivebord\Java og Structured Text programmer\Styringsprogram i structured text\Program.apj</ApjFullFileName>
    <ProjectName>Program</ProjectName>
    <ActiveConfigurationName>Config1</ActiveConfigurationName>
    <LicenseDataFolder>C:\Users\quyta\OneDrive\Skrivebord\Java og Structured Text programmer\Styringsprogram i structured text\Temp\Objects\Config1\X20CP1382</LicenseDataFolder>
  </AsProject>
  <General>
    <DeleteParameterFile>false</DeleteParameterFile>
  </General>
</Parameters>