﻿<?xml version="1.0" encoding="utf-8"?>
<BuildReasons>
  <Rule ID="$(AS_PROJECT_PATH)\temp\objects\config1\x20cp1382\draw\main.st.o">
    <BuildReason>Prerequiste "$(AS_PROJECT_PATH)\logical\draw\main.st" differs.
</BuildReason>
  </Rule>
  <Rule ID="$(AS_PROJECT_PATH)\temp\objects\config1\x20cp1382\arconfig.br">
    <BuildReason>Prerequiste "$(AS_PROJECT_PATH)\physical\config1\hardware.hw" differs.
</BuildReason>
  </Rule>
  <Rule ID="$(AS_PROJECT_PATH)\temp\objects\config1\x20cp1382\runtime.br">
    <BuildReason>ExternalCommand line differs.
</BuildReason>
  </Rule>
  <Rule ID="$(AS_PROJECT_PATH)\temp\objects\config1\x20cp1382\tcdata\tcdata.imx">
    <BuildReason>ExternalCommand line differs.
</BuildReason>
  </Rule>
  <Rule ID="$(AS_PROJECT_PATH)\temp\objects\config1\x20cp1382\udbdef.br">
    <BuildReason>ExternalCommand line differs.
</BuildReason>
  </Rule>
  <Rule ID="$(AS_PROJECT_PATH)\temp\objects\config1\x20cp1382\asbrstr.br">
    <BuildReason>ExternalCommand line differs.
</BuildReason>
  </Rule>
  <Rule ID="$(AS_PROJECT_PATH)\temp\objects\config1\x20cp1382\recieve\main.st.o">
    <BuildReason>Prerequiste "$(AS_PROJECT_PATH)\logical\recieve\main.st" differs.
</BuildReason>
  </Rule>
  <Rule ID="$(AS_PROJECT_PATH)\temp\objects\config1\x20cp1382\astcp.br">
    <BuildReason>ExternalCommand line differs.
</BuildReason>
  </Rule>
  <Rule ID="$(AS_PROJECT_PATH)\temp\objects\config1\x20cp1382\standard.br">
    <BuildReason>ExternalCommand line differs.
</BuildReason>
  </Rule>
  <Rule ID="$(AS_PROJECT_PATH)\temp\objects\config1\x20cp1382\ashwac.br">
    <BuildReason>Prerequiste "$(AS_PROJECT_PATH)\physical\config1\hardware.hw" differs.
</BuildReason>
  </Rule>
  <Rule ID="$(AS_PROJECT_PATH)\temp\objects\config1\x20cp1382\draw\programmer.st.o">
    <BuildReason>Prerequiste "$(AS_PROJECT_PATH)\logical\draw\programmer.st" differs.
</BuildReason>
  </Rule>
  <Rule ID="$(AS_PROJECT_PATH)\temp\objects\config1\x20cp1382\draw\_bur_pvdef.st.o">
    <BuildReason>ExternalCommand line differs.
</BuildReason>
  </Rule>
  <Rule ID="$(AS_PROJECT_PATH)\temp\objects\config1\x20cp1382\draw\a.out">
    <BuildReason>ExternalCommand line differs.
</BuildReason>
  </Rule>
  <Rule ID="$(AS_PROJECT_PATH)\temp\objects\config1\x20cp1382\recieve\_bur_pvdef.st.o">
    <BuildReason>ExternalCommand line differs.
</BuildReason>
  </Rule>
  <Rule ID="$(AS_PROJECT_PATH)\temp\objects\config1\x20cp1382\recieve\a.out">
    <BuildReason>ExternalCommand line differs.
</BuildReason>
  </Rule>
  <Rule ID="$(AS_PROJECT_PATH)\temp\objects\config1\x20cp1382\recieve\recieve.ox">
    <BuildReason>Prerequiste "$(AS_PROJECT_PATH)\temp\objects\config1\x20cp1382\recieve\a.out" differs.
</BuildReason>
  </Rule>
  <Rule ID="$(AS_PROJECT_PATH)\temp\objects\config1\x20cp1382\draw\draw.ox">
    <BuildReason>Prerequiste "$(AS_PROJECT_PATH)\temp\objects\config1\x20cp1382\draw\a.out" differs.
</BuildReason>
  </Rule>
  <Rule ID="$(AS_PROJECT_PATH)\temp\objects\config1\x20cp1382\draw.br">
    <BuildReason>Prerequiste "$(AS_PROJECT_PATH)\temp\objects\config1\x20cp1382\draw\draw.ox" differs.
</BuildReason>
  </Rule>
  <Rule ID="$(AS_PROJECT_PATH)\temp\objects\config1\x20cp1382\recieve.br">
    <BuildReason>Prerequiste "$(AS_PROJECT_PATH)\temp\objects\config1\x20cp1382\recieve\recieve.ox" differs.
</BuildReason>
  </Rule>
  <Rule ID="$(AS_PROJECT_PATH)\temp\objects\config1\x20cp1382\tcdata\tcdata.s18d">
    <BuildReason>Prerequiste "$(AS_PROJECT_PATH)\temp\objects\config1\x20cp1382\tcdata\tcdata.imx" differs.
</BuildReason>
  </Rule>
  <Rule ID="$(AS_PROJECT_PATH)\temp\objects\config1\x20cp1382\role.br">
    <BuildReason>Prerequiste "$(AS_PROJECT_PATH)\physical\config1\x20cp1382\accessandsecurity\userrolesystem\role.role" differs.
</BuildReason>
  </Rule>
  <Rule ID="$(AS_PROJECT_PATH)\temp\objects\config1\x20cp1382\user.br">
    <BuildReason>Prerequiste "$(AS_PROJECT_PATH)\physical\config1\x20cp1382\accessandsecurity\userrolesystem\user.user" differs.
</BuildReason>
  </Rule>
  <Rule ID="$(AS_PROJECT_PATH)\temp\objects\config1\x20cp1382\fwrules.br">
    <BuildReason>Prerequiste "$(AS_PROJECT_PATH)\physical\config1\x20cp1382\accessandsecurity\firewall\rules.firewallrules" differs.
</BuildReason>
  </Rule>
  <Rule ID="$(AS_PROJECT_PATH)\temp\objects\config1\x20cp1382\iomap.br">
    <BuildReason>Prerequiste "$(AS_PROJECT_PATH)\physical\config1\x20cp1382\iomap.iom" differs.
</BuildReason>
  </Rule>
  <Rule ID="$(AS_PROJECT_PATH)\temp\objects\config1\x20cp1382\sysconf.br">
    <BuildReason>Prerequiste "$(AS_PROJECT_PATH)\physical\config1\hardware.hw" differs.
</BuildReason>
  </Rule>
  <Rule ID="$(AS_PROJECT_PATH)\temp\objects\config1\x20cp1382\asfw.br">
    <BuildReason>Prerequiste "$(AS_PROJECT_PATH)\physical\config1\hardware.hw" differs.
</BuildReason>
  </Rule>
  <Rule ID="$(AS_PROJECT_PATH)\temp\objects\config1\x20cp1382\ashwd.br">
    <BuildReason>Prerequiste "$(AS_PROJECT_PATH)\physical\config1\hardware.hw" differs.
</BuildReason>
  </Rule>
  <Rule ID="$(AS_PROJECT_PATH)\temp\objects\config1\x20cp1382\tcdata.br">
    <BuildReason>Prerequiste "$(AS_PROJECT_PATH)\temp\objects\config1\x20cp1382\tcdata\tcdata.s18d" differs.
</BuildReason>
  </Rule>
  <Rule ID="#cpu_tp.mak">
    <BuildReason>Rule is forced.</BuildReason>
  </Rule>
  <Rule ID="$(AS_PROJECT_PATH)\binaries\config1\x20cp1382\transfer.lst">
    <BuildReason>ExternalCommand line differs.
</BuildReason>
  </Rule>
</BuildReasons>