﻿<?xml version="1.0" encoding="utf-8"?>
<?AutomationStudio FileVersion="4.9" WorkingVersion="4.12"?>
<RuleSetOptions UsesUTCTime="True">
  <Rule ID="$(AS_PROJECT_PATH)\temp\objects\config1\x20cp1382\ashwac.br">
    <Prerequisite ID="$(AS_PROJECT_PATH)\physical\config1\hardware.hw" LastWriteTime="2022-12-15 11.15.38" />
    <CommandLine Parameter="&quot;$(AS_PROJECT_PATH)\Physical\Config1\Hardware.hw&quot;  -o &quot;$(AS_PROJECT_PATH)\Temp\Objects\Config1\X20CP1382\ashwac.br&quot; -L &quot;AsBrStr: V*, AsIecCon: V*, AsTCP: V*, astime: V*, operator: V*, runtime: V*, standard: V*&quot; -c &quot;Config1&quot; -Z &quot;FMUExport: n.d, Connectivity: n.d, UnitSystem: n.d, TextSystem: n.d, ProgrammingSystem: n.d, RemanentData: n.d, AAS: n.d&quot; -M IA32 -B E4.83 -P &quot;$(AS_PROJECT_PATH)&quot; -s &quot;Config1&quot; -T SG4 " />
  </Rule>
  <Rule ID="$(AS_PROJECT_PATH)\temp\objects\config1\x20cp1382\sysconf.br">
    <Prerequisite ID="$(AS_PROJECT_PATH)\physical\config1\hardware.hw" LastWriteTime="2022-12-15 11.15.38" />
    <CommandLine Parameter="&quot;$(AS_PROJECT_PATH)\Physical\Config1\Hardware.hw&quot;  -c &quot;Config1&quot; -sysconf -S &quot;X20CP1382&quot; -Z &quot;FMUExport: n.d, Connectivity: n.d, UnitSystem: n.d, TextSystem: n.d, ProgrammingSystem: n.d, RemanentData: n.d, AAS: n.d&quot; -o &quot;$(AS_PROJECT_PATH)\Temp\Objects\Config1\X20CP1382\sysconf.br&quot; -T SG4 -B E4.83 -P &quot;$(AS_PROJECT_PATH)&quot; -s &quot;Config1&quot; " />
  </Rule>
  <Rule ID="$(AS_PROJECT_PATH)\temp\objects\config1\x20cp1382\asfw.br">
    <Prerequisite ID="$(AS_PROJECT_PATH)\physical\config1\hardware.hw" LastWriteTime="2022-12-15 11.15.38" />
    <CommandLine Parameter="&quot;$(AS_PROJECT_PATH)\Physical\Config1\Hardware.hw&quot;  -v V1.00.0 -S &quot;X20CP1382&quot; -o &quot;$(AS_PROJECT_PATH)\Temp\Objects\Config1\X20CP1382\asfw.br&quot; -T SG4 -B E4.83 -P &quot;$(AS_PROJECT_PATH)&quot; -c &quot;Config1&quot; -zip -s &quot;Config1&quot; -firmware -Z &quot;FMUExport: n.d, Connectivity: n.d, UnitSystem: n.d, TextSystem: n.d, ProgrammingSystem: n.d, RemanentData: n.d, AAS: n.d&quot; " />
  </Rule>
  <Rule ID="$(AS_PROJECT_PATH)\temp\objects\config1\x20cp1382\ashwd.br">
    <Prerequisite ID="$(AS_PROJECT_PATH)\physical\config1\hardware.hw" LastWriteTime="2022-12-15 11.15.38" />
    <CommandLine Parameter="&quot;$(AS_PROJECT_PATH)\Physical\Config1\Hardware.hw&quot;  -v V1.00.0 -S &quot;X20CP1382&quot; -o &quot;$(AS_PROJECT_PATH)\Temp\Objects\Config1\X20CP1382\ashwd.br&quot; -T SG4 -B E4.83 -P &quot;$(AS_PROJECT_PATH)&quot; -c &quot;Config1&quot; -zip -s &quot;Config1&quot; -hwd -Z &quot;FMUExport: n.d, Connectivity: n.d, UnitSystem: n.d, TextSystem: n.d, ProgrammingSystem: n.d, RemanentData: n.d, AAS: n.d&quot; " />
  </Rule>
  <Rule ID="$(AS_PROJECT_PATH)\temp\objects\config1\x20cp1382\arconfig.br">
    <Prerequisite ID="$(AS_PROJECT_PATH)\physical\config1\hardware.hw" LastWriteTime="2022-12-15 11.15.38" />
    <Prerequisite ID="$(AS_PROJECT_PATH)\physical\config1\x20cp1382\iomap.iom" LastWriteTime="2022-12-15 11.15.38" />
    <CommandLine Parameter="&quot;$(AS_PROJECT_PATH)\Physical\Config1\Hardware.hw&quot; &quot;$(AS_PROJECT_PATH)\Physical\Config1\X20CP1382\IoMap.iom&quot;  -arconfig -C &quot;/COMT=2500 /RT=1000 /AM=* /SDT=5 /DAIP=192.168.1.5 /REPO=11159 /ANSL=1 /PT=11169&quot; -D &quot;/IF=tcpip /LOPO=11159 /SA=1&quot; -c &quot;Config1&quot; -v V1.00.0 -S &quot;X20CP1382&quot; -Z &quot;FMUExport: n.d, Connectivity: n.d, UnitSystem: n.d, TextSystem: n.d, ProgrammingSystem: n.d, RemanentData: n.d, AAS: n.d&quot; -o &quot;$(AS_PROJECT_PATH)\Temp\Objects\Config1\X20CP1382\arconfig.br&quot; &quot;$(AS_PROJECT_PATH)\Temp\Objects\Config1\X20CP1382\ChannelConfiguration.xml&quot; &quot;$(AS_PROJECT_PATH)\Temp\Objects\Config1\X20CP1382\ReActionTechnologyConfiguration.xml&quot; -T SG4 -B E4.83 -P &quot;$(AS_PROJECT_PATH)&quot; -s &quot;Config1&quot; " />
  </Rule>
  <Rule ID="$(AS_PROJECT_PATH)\temp\objects\config1\x20cp1382\udbdef.br">
    <Prerequisite ID="c:\uni program files\as412\as\technologypackages\unitsystem\n.d\transfer\modules\sg4\udbdef.br" LastWriteTime="2022-05-25 04.28.54" />
    <CommandLine Parameter="C:\Uni Program Files\AS412\AS\TechnologyPackages\UnitSystem\n.d\Transfer\Modules\SG4\udbdef.br, $(AS_PROJECT_PATH)\Temp\Objects\Config1\X20CP1382\udbdef.br" />
  </Rule>
  <Rule ID="$(AS_PROJECT_PATH)\temp\objects\config1\x20cp1382\iomap.br">
    <Prerequisite ID="$(AS_PROJECT_PATH)\physical\config1\x20cp1382\iomap.iom" LastWriteTime="2022-12-15 11.15.38" />
    <Prerequisite ID="$(AS_PROJECT_PATH)\physical\config1\x20cp1382\pvmap.vvm" LastWriteTime="2022-12-15 11.15.38" />
    <Prerequisite ID="$(AS_PROJECT_PATH)\physical\config1\hardware.hw" LastWriteTime="2022-12-15 11.15.38" />
    <Prerequisite ID="$(AS_PROJECT_PATH)\physical\config1\x20cp1382\cpu.sw" LastWriteTime="2022-12-15 11.15.38" />
    <Prerequisite ID="$(AS_PROJECT_PATH)\temp\objects\config1\x20cp1382\channelconfiguration.xml" LastWriteTime="2022-12-15 11.15.38" />
    <Prerequisite ID="$(AS_PROJECT_PATH)\logical\draw\variables.var" LastWriteTime="2022-12-15 11.15.36" />
    <Prerequisite ID="$(AS_PROJECT_PATH)\logical\draw\localfunctions.fun" LastWriteTime="2022-12-15 11.15.36" />
    <CommandLine Parameter="&quot;$(AS_PROJECT_PATH)\Physical\Config1\X20CP1382\IoMap.iom&quot; &quot;$(AS_PROJECT_PATH)\Physical\Config1\X20CP1382\PvMap.vvm&quot;  -m &quot;$(AS_PROJECT_PATH)\Temp\Objects\Config1\X20CP1382\ConfigInfo.cfi&quot; -g &quot;$(AS_PROJECT_PATH)\Temp\Objects\Declarations.lst&quot; -x &quot;$(AS_PROJECT_PATH)\Temp\Objects\Config1\X20CP1382\ChannelConfiguration.xml&quot; -v V1.00.0 -f &quot;$(AS_PROJECT_PATH)\Temp\Objects\Config1\X20CP1382&quot; -iomap -o &quot;$(AS_PROJECT_PATH)\Temp\Objects\Config1\X20CP1382\iomap.br&quot; -T SG4 -B E4.83 -P &quot;$(AS_PROJECT_PATH)&quot; -s &quot;Config1.X20CP1382&quot;" />
  </Rule>
  <Rule ID="$(AS_PROJECT_PATH)\temp\objects\config1\x20cp1382\tcdata\tcdata.imx">
    <Prerequisite ID="c:\uni program files\as412\as\technologypackages\textsystem\n.d\objectcatalog\elements\textconfig\template\tc.textconfig" LastWriteTime="2022-05-25 04.28.54" />
    <CommandLine Parameter=" -o &quot;$(AS_PROJECT_PATH)\Temp\Objects\Config1\X20CP1382\TCData\TCData.imx&quot; -c &quot;C:\Uni Program Files\AS412\AS\TechnologyPackages\TextSystem\n.d\ObjectCatalog\Elements\TextConfig\Template\TC.textconfig&quot; -I &quot;C:\Uni Program Files\AS\System\E0483&quot; &quot;C:\Uni Program Files\AS412\AS\TechnologyPackages\UnitSystem\n.d&quot; -P &quot;$(AS_PROJECT_PATH)&quot;" />
  </Rule>
  <Rule ID="$(AS_PROJECT_PATH)\temp\objects\config1\x20cp1382\tcdata\tcdata.s18d">
    <Prerequisite ID="$(AS_PROJECT_PATH)\temp\objects\config1\x20cp1382\tcdata\tcdata.imx" LastWriteTime="2022-12-15 11.15.40" />
    <CommandLine Parameter="&quot;$(AS_PROJECT_PATH)\Temp\Objects\Config1\X20CP1382\TCData\TCData.imx&quot; -o &quot;$(AS_PROJECT_PATH)\Temp\Objects\Config1\X20CP1382\TCData\TCData.s18d&quot;" />
  </Rule>
  <Rule ID="$(AS_PROJECT_PATH)\temp\objects\config1\x20cp1382\tcdata.br">
    <Prerequisite ID="$(AS_PROJECT_PATH)\temp\objects\config1\x20cp1382\tcdata\tcdata.s18d" LastWriteTime="2022-12-15 13.09.00" />
    <CommandLine Parameter="&quot;$(AS_PROJECT_PATH)\Temp\Objects\Config1\X20CP1382\TCData\TCData.s18d&quot;  -o &quot;$(AS_PROJECT_PATH)\Temp\Objects\Config1\X20CP1382\TCData.br&quot; -t TextModule" />
  </Rule>
  <Rule ID="$(AS_PROJECT_PATH)\temp\objects\config1\x20cp1382\role.br">
    <Prerequisite ID="$(AS_PROJECT_PATH)\physical\config1\x20cp1382\accessandsecurity\userrolesystem\role.role" LastWriteTime="2022-12-15 11.15.38" />
    <CommandLine Parameter="&quot;$(AS_PROJECT_PATH)\Physical\Config1\X20CP1382\AccessAndSecurity\UserRoleSystem\Role.role&quot;  -o &quot;$(AS_PROJECT_PATH)\Temp\Objects\Config1\X20CP1382\Role.br&quot; -zip -B E4.83 -z n.d -P &quot;$(AS_PROJECT_PATH)&quot; -c &quot;Config1&quot; " />
  </Rule>
  <Rule ID="$(AS_PROJECT_PATH)\temp\objects\config1\x20cp1382\user.br">
    <Prerequisite ID="$(AS_PROJECT_PATH)\physical\config1\x20cp1382\accessandsecurity\userrolesystem\user.user" LastWriteTime="2022-12-15 11.15.38" />
    <Prerequisite ID="$(AS_PROJECT_PATH)\physical\config1\x20cp1382\accessandsecurity\userrolesystem\role.role" LastWriteTime="2022-12-15 11.15.38" />
    <CommandLine Parameter="&quot;$(AS_PROJECT_PATH)\Physical\Config1\X20CP1382\AccessAndSecurity\UserRoleSystem\User.user&quot;  -o &quot;$(AS_PROJECT_PATH)\Temp\Objects\Config1\X20CP1382\User.br&quot; -zip -B E4.83 -z n.d -P &quot;$(AS_PROJECT_PATH)&quot; -c &quot;Config1&quot; " />
  </Rule>
  <Rule ID="$(AS_PROJECT_PATH)\temp\objects\config1\x20cp1382\fwrules.br">
    <Prerequisite ID="$(AS_PROJECT_PATH)\physical\config1\x20cp1382\accessandsecurity\firewall\rules.firewallrules" LastWriteTime="2022-12-15 11.15.38" />
    <CommandLine Parameter="&quot;$(AS_PROJECT_PATH)\Physical\Config1\X20CP1382\AccessAndSecurity\Firewall\Rules.firewallRules&quot;  -o &quot;$(AS_PROJECT_PATH)\Temp\Objects\Config1\X20CP1382\FWRules.br&quot; -zip -B E4.83 -z n.d -P &quot;$(AS_PROJECT_PATH)&quot; -c &quot;Config1&quot; " />
  </Rule>
  <Rule ID="$(AS_PROJECT_PATH)\temp\objects\config1\x20cp1382\draw.br">
    <Prerequisite ID="$(AS_PROJECT_PATH)\temp\objects\config1\x20cp1382\draw\draw.ox" LastWriteTime="2022-12-15 13.08.56" />
    <Prerequisite ID="$(AS_PROJECT_PATH)\physical\config1\x20cp1382\cpu.per" LastWriteTime="2022-12-15 11.15.38" />
    <Prerequisite ID="$(AS_PROJECT_PATH)\logical\libraries\standard\standard.fun" LastWriteTime="2022-12-15 11.15.38" />
    <Prerequisite ID="$(AS_PROJECT_PATH)\logical\draw\variables.var" LastWriteTime="2022-12-15 11.15.36" />
    <Prerequisite ID="$(AS_PROJECT_PATH)\logical\global.var" LastWriteTime="2022-12-15 11.15.36" />
    <Prerequisite ID="$(AS_PROJECT_PATH)\logical\draw\localfunctions.fun" LastWriteTime="2022-12-15 11.15.36" />
    <Prerequisite ID="$(AS_PROJECT_PATH)\logical\draw\types.typ" LastWriteTime="2022-12-15 11.15.36" />
    <CommandLine Parameter="&quot;$(AS_PROJECT_PATH)\Temp\Objects\Config1\X20CP1382\Draw\Draw.ox&quot;  -o &quot;$(AS_PROJECT_PATH)\Temp\Objects\Config1\X20CP1382\Draw.br&quot; -v V1.00.0 -f &quot;$(AS_PROJECT_PATH)\Temp\Objects\Config1\X20CP1382\NT.ofs&quot; -offsetLT &quot;$(AS_PROJECT_PATH)\Binaries\Config1\X20CP1382\LT.ofs&quot; -T SG4 -M IA32 -B E4.83 -G V4.1.2  -extConstants -d &quot;runtime: V* - V*,asieccon: V* - V*&quot; -r Cyclic1 -p 2 -s &quot;Draw&quot; -L &quot;AsBrStr: V*, AsIecCon: V*, AsTCP: V*, astime: V*, operator: V*, runtime: V*, standard: V*&quot; -P &quot;$(AS_PROJECT_PATH)&quot; " />
    <AdditionalBuildTrigger Key="VolatileMemory" Value="514574" />
    <AdditionalBuildTrigger Key="PermanentAnalogMemory" Value="0" />
    <AdditionalBuildTrigger Key="PermanentDigitalMemory" Value="0" />
    <AdditionalBuildTrigger Key="RemanentMemory" Value="0" />
  </Rule>
  <Rule ID="$(AS_PROJECT_PATH)\temp\objects\config1\x20cp1382\draw\draw.ox">
    <Prerequisite ID="$(AS_PROJECT_PATH)\temp\objects\config1\x20cp1382\draw\a.out" LastWriteTime="2022-12-15 13.08.56" />
    <Prerequisite ID="$(AS_PROJECT_PATH)\logical\libraries\standard\standard.fun" LastWriteTime="2022-12-15 11.15.38" />
    <Prerequisite ID="$(AS_PROJECT_PATH)\logical\draw\variables.var" LastWriteTime="2022-12-15 11.15.36" />
    <Prerequisite ID="$(AS_PROJECT_PATH)\logical\global.var" LastWriteTime="2022-12-15 11.15.36" />
    <Prerequisite ID="$(AS_PROJECT_PATH)\logical\draw\localfunctions.fun" LastWriteTime="2022-12-15 11.15.36" />
    <Prerequisite ID="$(AS_PROJECT_PATH)\logical\draw\types.typ" LastWriteTime="2022-12-15 11.15.36" />
    <CommandLine Parameter="&quot;$(AS_PROJECT_PATH)\Temp\Objects\Config1\X20CP1382\Draw\a.out&quot;  -o &quot;$(AS_PROJECT_PATH)\Temp\Objects\Config1\X20CP1382\Draw\Draw.ox&quot; -T SG4 -r Cyclic1 -G V4.1.2  -B E4.83 " />
  </Rule>
  <Rule ID="$(AS_PROJECT_PATH)\temp\objects\config1\x20cp1382\draw\a.out">
    <Prerequisite ID="$(AS_PROJECT_PATH)\temp\objects\config1\x20cp1382\draw\main.st.o" LastWriteTime="2022-12-15 13.08.56" />
    <Prerequisite ID="$(AS_PROJECT_PATH)\temp\objects\config1\x20cp1382\draw\programmer.st.o" LastWriteTime="2022-12-15 13.08.56" />
    <Prerequisite ID="$(AS_PROJECT_PATH)\temp\objects\config1\x20cp1382\draw\_bur_pvdef.st.o" LastWriteTime="2022-12-15 13.08.56" />
    <Prerequisite ID="$(AS_PROJECT_PATH)\logical\libraries\standard\standard.fun" LastWriteTime="2022-12-15 11.15.38" />
    <Prerequisite ID="$(AS_PROJECT_PATH)\logical\draw\variables.var" LastWriteTime="2022-12-15 11.15.36" />
    <Prerequisite ID="$(AS_PROJECT_PATH)\logical\global.var" LastWriteTime="2022-12-15 11.15.36" />
    <Prerequisite ID="$(AS_PROJECT_PATH)\logical\draw\localfunctions.fun" LastWriteTime="2022-12-15 11.15.36" />
    <Prerequisite ID="$(AS_PROJECT_PATH)\logical\draw\types.typ" LastWriteTime="2022-12-15 11.15.36" />
    <CommandLine Parameter=" -link &quot;$(AS_PROJECT_PATH)\Temp\Objects\Config1\X20CP1382\Draw\Main.st.o&quot; &quot;$(AS_PROJECT_PATH)\Temp\Objects\Config1\X20CP1382\Draw\Programmer.st.o&quot; &quot;$(AS_PROJECT_PATH)\Temp\Objects\Config1\X20CP1382\Draw\_bur_pvdef.st.o&quot;  -o &quot;$(AS_PROJECT_PATH)\Temp\Objects\Config1\X20CP1382\Draw\a.out&quot; -G V4.1.2  -T SG4 -M IA32 &quot;-Wl,C:\Uni Program Files\AS\System\E0483\SG4\Ia32\libAsIecCon.a&quot; &quot;-Wl,C:\Uni Program Files\AS\System\E0483\SG4\Ia32\libAsTCP.a&quot; &quot;-Wl,C:\Uni Program Files\AS\System\E0483\SG4\Ia32\libastime.a&quot; &quot;-Wl,C:\Uni Program Files\AS\System\E0483\SG4\Ia32\libAsBrStr.a&quot; &quot;-Wl,C:\Uni Program Files\AS\System\E0483\SG4\Ia32\libstandard.a&quot; &quot;-Wl,C:\Uni Program Files\AS\System\E0483\SG4\Ia32\libruntime.a&quot; &quot;-Wl,C:\Uni Program Files\AS\System\E0483\SG4\Ia32\liboperator.a&quot; -specs &quot;C:\Uni Program Files\AS412\AS\gnuinst\V4.1.2\4.9\i386-elf\specs\I386specs_brelf&quot; -nostdlib" />
  </Rule>
  <Rule ID="$(AS_PROJECT_PATH)\temp\objects\config1\x20cp1382\draw\main.st.o">
    <Prerequisite ID="$(AS_PROJECT_PATH)\logical\draw\main.st" LastWriteTime="2022-12-15 11.31.00" />
    <Prerequisite ID="$(AS_PROJECT_PATH)\logical\libraries\standard\standard.fun" LastWriteTime="2022-12-15 11.15.38" />
    <Prerequisite ID="$(AS_PROJECT_PATH)\logical\draw\variables.var" LastWriteTime="2022-12-15 11.15.36" />
    <Prerequisite ID="$(AS_PROJECT_PATH)\logical\global.var" LastWriteTime="2022-12-15 11.15.36" />
    <Prerequisite ID="$(AS_PROJECT_PATH)\logical\draw\localfunctions.fun" LastWriteTime="2022-12-15 11.15.36" />
    <Prerequisite ID="$(AS_PROJECT_PATH)\logical\draw\types.typ" LastWriteTime="2022-12-15 11.15.36" />
    <CommandLine Parameter="&quot;$(AS_PROJECT_PATH)\Logical\Draw\Main.st&quot;  -o &quot;$(AS_PROJECT_PATH)\Temp\Objects\Config1\X20CP1382\Draw\Main.st.o&quot; -T SG4 -M IA32 -B E4.83 -G V4.1.2  -s &quot;Draw&quot; -t &quot;$(AS_PROJECT_PATH)\Temp&quot; -pointers -extComments -extBitAccess -extConstants -D _SG4 -l &quot;$(AS_PROJECT_PATH)\Logical\Draw\Types.typ&quot; &quot;$(AS_PROJECT_PATH)\Logical\Draw\Variables.var&quot; &quot;$(AS_PROJECT_PATH)\Logical\Draw\LocalFunctions.fun&quot; -g &quot;$(AS_PROJECT_PATH)\Logical\Global.typ&quot; &quot;$(AS_PROJECT_PATH)\Logical\Libraries\operator\operator.typ&quot; &quot;$(AS_PROJECT_PATH)\Logical\Libraries\runtime\runtime.typ&quot; &quot;$(AS_PROJECT_PATH)\Logical\Libraries\astime\astime.typ&quot; &quot;$(AS_PROJECT_PATH)\Logical\Libraries\AsIecCon\AsIecCon.typ&quot; &quot;$(AS_PROJECT_PATH)\Logical\Libraries\standard\standard.typ&quot; &quot;$(AS_PROJECT_PATH)\Logical\Libraries\AsTCP\AsTCP.typ&quot; &quot;$(AS_PROJECT_PATH)\Logical\Libraries\AsBrStr\AsBrStr.typ&quot; &quot;$(AS_PROJECT_PATH)\Logical\Libraries\operator\operator.fun&quot; &quot;$(AS_PROJECT_PATH)\Logical\Libraries\runtime\runtime.fun&quot; &quot;$(AS_PROJECT_PATH)\Logical\Libraries\astime\astime.fun&quot; &quot;$(AS_PROJECT_PATH)\Logical\Libraries\AsIecCon\AsIecCon.fun&quot; &quot;$(AS_PROJECT_PATH)\Logical\Libraries\standard\standard.fun&quot; &quot;$(AS_PROJECT_PATH)\Logical\Libraries\AsTCP\AsTCP.fun&quot; &quot;$(AS_PROJECT_PATH)\Logical\Libraries\AsBrStr\AsBrStr.fun&quot; &quot;$(AS_PROJECT_PATH)\Logical\Global.var&quot; &quot;$(AS_PROJECT_PATH)\Logical\Libraries\operator\operator.var&quot; &quot;$(AS_PROJECT_PATH)\Logical\Libraries\runtime\runtime.var&quot; &quot;$(AS_PROJECT_PATH)\Logical\Libraries\astime\astime.var&quot; &quot;$(AS_PROJECT_PATH)\Logical\Libraries\AsIecCon\AsIecCon.var&quot; &quot;$(AS_PROJECT_PATH)\Logical\Libraries\standard\standard.var&quot; &quot;$(AS_PROJECT_PATH)\Logical\Libraries\AsTCP\AsTCP.var&quot; &quot;$(AS_PROJECT_PATH)\Logical\Libraries\AsBrStr\AsBrStr.var&quot; -P &quot;$(AS_PROJECT_PATH)&quot; " />
    <AdditionalBuildTrigger Key="IecDeclarationsInAnsiC" Value="False" />
  </Rule>
  <Rule ID="$(AS_PROJECT_PATH)\temp\objects\config1\x20cp1382\draw\programmer.st.o">
    <Prerequisite ID="$(AS_PROJECT_PATH)\logical\draw\programmer.st" LastWriteTime="2022-12-15 11.15.36" />
    <Prerequisite ID="$(AS_PROJECT_PATH)\logical\libraries\standard\standard.fun" LastWriteTime="2022-12-15 11.15.38" />
    <Prerequisite ID="$(AS_PROJECT_PATH)\logical\draw\variables.var" LastWriteTime="2022-12-15 11.15.36" />
    <Prerequisite ID="$(AS_PROJECT_PATH)\logical\global.var" LastWriteTime="2022-12-15 11.15.36" />
    <Prerequisite ID="$(AS_PROJECT_PATH)\logical\draw\localfunctions.fun" LastWriteTime="2022-12-15 11.15.36" />
    <Prerequisite ID="$(AS_PROJECT_PATH)\logical\draw\types.typ" LastWriteTime="2022-12-15 11.15.36" />
    <CommandLine Parameter="&quot;$(AS_PROJECT_PATH)\Logical\Draw\Programmer.st&quot;  -o &quot;$(AS_PROJECT_PATH)\Temp\Objects\Config1\X20CP1382\Draw\Programmer.st.o&quot; -T SG4 -M IA32 -B E4.83 -G V4.1.2  -s &quot;Draw&quot; -t &quot;$(AS_PROJECT_PATH)\Temp&quot; -pointers -extComments -extBitAccess -extConstants -D _SG4 -l &quot;$(AS_PROJECT_PATH)\Logical\Draw\Types.typ&quot; &quot;$(AS_PROJECT_PATH)\Logical\Draw\Variables.var&quot; &quot;$(AS_PROJECT_PATH)\Logical\Draw\LocalFunctions.fun&quot; -g &quot;$(AS_PROJECT_PATH)\Logical\Global.typ&quot; &quot;$(AS_PROJECT_PATH)\Logical\Libraries\operator\operator.typ&quot; &quot;$(AS_PROJECT_PATH)\Logical\Libraries\runtime\runtime.typ&quot; &quot;$(AS_PROJECT_PATH)\Logical\Libraries\astime\astime.typ&quot; &quot;$(AS_PROJECT_PATH)\Logical\Libraries\AsIecCon\AsIecCon.typ&quot; &quot;$(AS_PROJECT_PATH)\Logical\Libraries\standard\standard.typ&quot; &quot;$(AS_PROJECT_PATH)\Logical\Libraries\AsTCP\AsTCP.typ&quot; &quot;$(AS_PROJECT_PATH)\Logical\Libraries\AsBrStr\AsBrStr.typ&quot; &quot;$(AS_PROJECT_PATH)\Logical\Libraries\operator\operator.fun&quot; &quot;$(AS_PROJECT_PATH)\Logical\Libraries\runtime\runtime.fun&quot; &quot;$(AS_PROJECT_PATH)\Logical\Libraries\astime\astime.fun&quot; &quot;$(AS_PROJECT_PATH)\Logical\Libraries\AsIecCon\AsIecCon.fun&quot; &quot;$(AS_PROJECT_PATH)\Logical\Libraries\standard\standard.fun&quot; &quot;$(AS_PROJECT_PATH)\Logical\Libraries\AsTCP\AsTCP.fun&quot; &quot;$(AS_PROJECT_PATH)\Logical\Libraries\AsBrStr\AsBrStr.fun&quot; &quot;$(AS_PROJECT_PATH)\Logical\Global.var&quot; &quot;$(AS_PROJECT_PATH)\Logical\Libraries\operator\operator.var&quot; &quot;$(AS_PROJECT_PATH)\Logical\Libraries\runtime\runtime.var&quot; &quot;$(AS_PROJECT_PATH)\Logical\Libraries\astime\astime.var&quot; &quot;$(AS_PROJECT_PATH)\Logical\Libraries\AsIecCon\AsIecCon.var&quot; &quot;$(AS_PROJECT_PATH)\Logical\Libraries\standard\standard.var&quot; &quot;$(AS_PROJECT_PATH)\Logical\Libraries\AsTCP\AsTCP.var&quot; &quot;$(AS_PROJECT_PATH)\Logical\Libraries\AsBrStr\AsBrStr.var&quot; -P &quot;$(AS_PROJECT_PATH)&quot; " />
    <AdditionalBuildTrigger Key="IecDeclarationsInAnsiC" Value="False" />
  </Rule>
  <Rule ID="$(AS_PROJECT_PATH)\temp\objects\config1\x20cp1382\draw\_bur_pvdef.st.o">
    <Prerequisite ID="c:\uni program files\as412\as\gnuinst\v4.1.2\4.9\i386-elf\include\bur\_bur_pvdef.st" LastWriteTime="2022-05-25 04.28.44" />
    <Prerequisite ID="$(AS_PROJECT_PATH)\temp\objects\config1\x20cp1382\draw\main.st.o" LastWriteTime="2022-12-15 13.08.56" />
    <Prerequisite ID="$(AS_PROJECT_PATH)\temp\objects\config1\x20cp1382\draw\programmer.st.o" LastWriteTime="2022-12-15 13.08.56" />
    <Prerequisite ID="$(AS_PROJECT_PATH)\logical\libraries\standard\standard.fun" LastWriteTime="2022-12-15 11.15.38" />
    <Prerequisite ID="$(AS_PROJECT_PATH)\logical\draw\variables.var" LastWriteTime="2022-12-15 11.15.36" />
    <Prerequisite ID="$(AS_PROJECT_PATH)\logical\global.var" LastWriteTime="2022-12-15 11.15.36" />
    <Prerequisite ID="$(AS_PROJECT_PATH)\logical\draw\localfunctions.fun" LastWriteTime="2022-12-15 11.15.36" />
    <Prerequisite ID="$(AS_PROJECT_PATH)\logical\draw\types.typ" LastWriteTime="2022-12-15 11.15.36" />
    <CommandLine Parameter="&quot;C:\Uni Program Files\AS412\AS\gnuinst\V4.1.2\4.9\i386-elf\include\bur\_bur_pvdef.st&quot;  -o &quot;$(AS_PROJECT_PATH)\Temp\Objects\Config1\X20CP1382\Draw\_bur_pvdef.st.o&quot; -S &quot;Main.st&quot; &quot;Programmer.st&quot;  -T SG4 -M IA32 -B E4.83 -G V4.1.2  -s &quot;Draw&quot; -t &quot;$(AS_PROJECT_PATH)\Temp&quot; -pointers -extComments -extBitAccess -extConstants -D _SG4 -l &quot;$(AS_PROJECT_PATH)\Logical\Draw\Types.typ&quot; &quot;$(AS_PROJECT_PATH)\Logical\Draw\Variables.var&quot; &quot;$(AS_PROJECT_PATH)\Logical\Draw\LocalFunctions.fun&quot; -g &quot;$(AS_PROJECT_PATH)\Logical\Global.typ&quot; &quot;$(AS_PROJECT_PATH)\Logical\Libraries\operator\operator.typ&quot; &quot;$(AS_PROJECT_PATH)\Logical\Libraries\runtime\runtime.typ&quot; &quot;$(AS_PROJECT_PATH)\Logical\Libraries\astime\astime.typ&quot; &quot;$(AS_PROJECT_PATH)\Logical\Libraries\AsIecCon\AsIecCon.typ&quot; &quot;$(AS_PROJECT_PATH)\Logical\Libraries\standard\standard.typ&quot; &quot;$(AS_PROJECT_PATH)\Logical\Libraries\AsTCP\AsTCP.typ&quot; &quot;$(AS_PROJECT_PATH)\Logical\Libraries\AsBrStr\AsBrStr.typ&quot; &quot;$(AS_PROJECT_PATH)\Logical\Libraries\operator\operator.fun&quot; &quot;$(AS_PROJECT_PATH)\Logical\Libraries\runtime\runtime.fun&quot; &quot;$(AS_PROJECT_PATH)\Logical\Libraries\astime\astime.fun&quot; &quot;$(AS_PROJECT_PATH)\Logical\Libraries\AsIecCon\AsIecCon.fun&quot; &quot;$(AS_PROJECT_PATH)\Logical\Libraries\standard\standard.fun&quot; &quot;$(AS_PROJECT_PATH)\Logical\Libraries\AsTCP\AsTCP.fun&quot; &quot;$(AS_PROJECT_PATH)\Logical\Libraries\AsBrStr\AsBrStr.fun&quot; &quot;$(AS_PROJECT_PATH)\Logical\Global.var&quot; &quot;$(AS_PROJECT_PATH)\Logical\Libraries\operator\operator.var&quot; &quot;$(AS_PROJECT_PATH)\Logical\Libraries\runtime\runtime.var&quot; &quot;$(AS_PROJECT_PATH)\Logical\Libraries\astime\astime.var&quot; &quot;$(AS_PROJECT_PATH)\Logical\Libraries\AsIecCon\AsIecCon.var&quot; &quot;$(AS_PROJECT_PATH)\Logical\Libraries\standard\standard.var&quot; &quot;$(AS_PROJECT_PATH)\Logical\Libraries\AsTCP\AsTCP.var&quot; &quot;$(AS_PROJECT_PATH)\Logical\Libraries\AsBrStr\AsBrStr.var&quot; -P &quot;$(AS_PROJECT_PATH)&quot; " />
    <AdditionalBuildTrigger Key="IecDeclarationsInAnsiC" Value="False" />
  </Rule>
  <Rule ID="$(AS_PROJECT_PATH)\temp\objects\config1\x20cp1382\recieve.br">
    <Prerequisite ID="$(AS_PROJECT_PATH)\temp\objects\config1\x20cp1382\recieve\recieve.ox" LastWriteTime="2022-12-15 13.08.56" />
    <Prerequisite ID="$(AS_PROJECT_PATH)\physical\config1\x20cp1382\cpu.per" LastWriteTime="2022-12-15 11.15.38" />
    <Prerequisite ID="$(AS_PROJECT_PATH)\logical\libraries\standard\standard.fun" LastWriteTime="2022-12-15 11.15.38" />
    <Prerequisite ID="$(AS_PROJECT_PATH)\logical\libraries\astcp\astcp.fun" LastWriteTime="2022-12-15 11.15.38" />
    <Prerequisite ID="$(AS_PROJECT_PATH)\logical\libraries\asbrstr\asbrstr.fun" LastWriteTime="2022-12-15 11.15.36" />
    <Prerequisite ID="$(AS_PROJECT_PATH)\logical\recieve\variables.var" LastWriteTime="2022-12-15 11.15.38" />
    <Prerequisite ID="$(AS_PROJECT_PATH)\logical\global.var" LastWriteTime="2022-12-15 11.15.36" />
    <Prerequisite ID="$(AS_PROJECT_PATH)\logical\libraries\runtime\runtime.var" LastWriteTime="2022-12-15 11.15.38" />
    <Prerequisite ID="$(AS_PROJECT_PATH)\logical\libraries\astcp\astcp.var" LastWriteTime="2022-12-15 11.15.38" />
    <Prerequisite ID="$(AS_PROJECT_PATH)\logical\recieve\types.typ" LastWriteTime="2022-12-15 11.15.38" />
    <CommandLine Parameter="&quot;$(AS_PROJECT_PATH)\Temp\Objects\Config1\X20CP1382\Recieve\Recieve.ox&quot;  -o &quot;$(AS_PROJECT_PATH)\Temp\Objects\Config1\X20CP1382\Recieve.br&quot; -v V1.00.0 -f &quot;$(AS_PROJECT_PATH)\Temp\Objects\Config1\X20CP1382\NT.ofs&quot; -offsetLT &quot;$(AS_PROJECT_PATH)\Binaries\Config1\X20CP1382\LT.ofs&quot; -T SG4 -M IA32 -B E4.83 -G V4.1.2  -extConstants -d &quot;runtime: V* - V*,asieccon: V* - V*&quot; -r Cyclic5 -p 2 -s &quot;Recieve&quot; -L &quot;AsBrStr: V*, AsIecCon: V*, AsTCP: V*, astime: V*, operator: V*, runtime: V*, standard: V*&quot; -P &quot;$(AS_PROJECT_PATH)&quot; " />
    <AdditionalBuildTrigger Key="VolatileMemory" Value="514574" />
    <AdditionalBuildTrigger Key="PermanentAnalogMemory" Value="0" />
    <AdditionalBuildTrigger Key="PermanentDigitalMemory" Value="0" />
    <AdditionalBuildTrigger Key="RemanentMemory" Value="0" />
  </Rule>
  <Rule ID="$(AS_PROJECT_PATH)\temp\objects\config1\x20cp1382\recieve\recieve.ox">
    <Prerequisite ID="$(AS_PROJECT_PATH)\temp\objects\config1\x20cp1382\recieve\a.out" LastWriteTime="2022-12-15 13.08.56" />
    <Prerequisite ID="$(AS_PROJECT_PATH)\logical\libraries\standard\standard.fun" LastWriteTime="2022-12-15 11.15.38" />
    <Prerequisite ID="$(AS_PROJECT_PATH)\logical\libraries\astcp\astcp.fun" LastWriteTime="2022-12-15 11.15.38" />
    <Prerequisite ID="$(AS_PROJECT_PATH)\logical\libraries\asbrstr\asbrstr.fun" LastWriteTime="2022-12-15 11.15.36" />
    <Prerequisite ID="$(AS_PROJECT_PATH)\logical\recieve\variables.var" LastWriteTime="2022-12-15 11.15.38" />
    <Prerequisite ID="$(AS_PROJECT_PATH)\logical\global.var" LastWriteTime="2022-12-15 11.15.36" />
    <Prerequisite ID="$(AS_PROJECT_PATH)\logical\libraries\runtime\runtime.var" LastWriteTime="2022-12-15 11.15.38" />
    <Prerequisite ID="$(AS_PROJECT_PATH)\logical\libraries\astcp\astcp.var" LastWriteTime="2022-12-15 11.15.38" />
    <Prerequisite ID="$(AS_PROJECT_PATH)\logical\recieve\types.typ" LastWriteTime="2022-12-15 11.15.38" />
    <CommandLine Parameter="&quot;$(AS_PROJECT_PATH)\Temp\Objects\Config1\X20CP1382\Recieve\a.out&quot;  -o &quot;$(AS_PROJECT_PATH)\Temp\Objects\Config1\X20CP1382\Recieve\Recieve.ox&quot; -T SG4 -r Cyclic5 -G V4.1.2  -B E4.83 " />
  </Rule>
  <Rule ID="$(AS_PROJECT_PATH)\temp\objects\config1\x20cp1382\recieve\a.out">
    <Prerequisite ID="$(AS_PROJECT_PATH)\temp\objects\config1\x20cp1382\recieve\main.st.o" LastWriteTime="2022-12-15 13.08.56" />
    <Prerequisite ID="$(AS_PROJECT_PATH)\temp\objects\config1\x20cp1382\recieve\_bur_pvdef.st.o" LastWriteTime="2022-12-15 13.08.56" />
    <Prerequisite ID="$(AS_PROJECT_PATH)\logical\libraries\standard\standard.fun" LastWriteTime="2022-12-15 11.15.38" />
    <Prerequisite ID="$(AS_PROJECT_PATH)\logical\libraries\astcp\astcp.fun" LastWriteTime="2022-12-15 11.15.38" />
    <Prerequisite ID="$(AS_PROJECT_PATH)\logical\libraries\asbrstr\asbrstr.fun" LastWriteTime="2022-12-15 11.15.36" />
    <Prerequisite ID="$(AS_PROJECT_PATH)\logical\recieve\variables.var" LastWriteTime="2022-12-15 11.15.38" />
    <Prerequisite ID="$(AS_PROJECT_PATH)\logical\global.var" LastWriteTime="2022-12-15 11.15.36" />
    <Prerequisite ID="$(AS_PROJECT_PATH)\logical\libraries\runtime\runtime.var" LastWriteTime="2022-12-15 11.15.38" />
    <Prerequisite ID="$(AS_PROJECT_PATH)\logical\libraries\astcp\astcp.var" LastWriteTime="2022-12-15 11.15.38" />
    <Prerequisite ID="$(AS_PROJECT_PATH)\logical\recieve\types.typ" LastWriteTime="2022-12-15 11.15.38" />
    <CommandLine Parameter=" -link &quot;$(AS_PROJECT_PATH)\Temp\Objects\Config1\X20CP1382\Recieve\Main.st.o&quot; &quot;$(AS_PROJECT_PATH)\Temp\Objects\Config1\X20CP1382\Recieve\_bur_pvdef.st.o&quot;  -o &quot;$(AS_PROJECT_PATH)\Temp\Objects\Config1\X20CP1382\Recieve\a.out&quot; -G V4.1.2  -T SG4 -M IA32 &quot;-Wl,C:\Uni Program Files\AS\System\E0483\SG4\Ia32\libAsIecCon.a&quot; &quot;-Wl,C:\Uni Program Files\AS\System\E0483\SG4\Ia32\libAsTCP.a&quot; &quot;-Wl,C:\Uni Program Files\AS\System\E0483\SG4\Ia32\libastime.a&quot; &quot;-Wl,C:\Uni Program Files\AS\System\E0483\SG4\Ia32\libAsBrStr.a&quot; &quot;-Wl,C:\Uni Program Files\AS\System\E0483\SG4\Ia32\libstandard.a&quot; &quot;-Wl,C:\Uni Program Files\AS\System\E0483\SG4\Ia32\libruntime.a&quot; &quot;-Wl,C:\Uni Program Files\AS\System\E0483\SG4\Ia32\liboperator.a&quot; -specs &quot;C:\Uni Program Files\AS412\AS\gnuinst\V4.1.2\4.9\i386-elf\specs\I386specs_brelf&quot; -nostdlib" />
  </Rule>
  <Rule ID="$(AS_PROJECT_PATH)\temp\objects\config1\x20cp1382\recieve\main.st.o">
    <Prerequisite ID="$(AS_PROJECT_PATH)\logical\recieve\main.st" LastWriteTime="2022-12-15 11.31.42" />
    <Prerequisite ID="$(AS_PROJECT_PATH)\logical\libraries\standard\standard.fun" LastWriteTime="2022-12-15 11.15.38" />
    <Prerequisite ID="$(AS_PROJECT_PATH)\logical\libraries\astcp\astcp.fun" LastWriteTime="2022-12-15 11.15.38" />
    <Prerequisite ID="$(AS_PROJECT_PATH)\logical\libraries\asbrstr\asbrstr.fun" LastWriteTime="2022-12-15 11.15.36" />
    <Prerequisite ID="$(AS_PROJECT_PATH)\logical\recieve\variables.var" LastWriteTime="2022-12-15 11.15.38" />
    <Prerequisite ID="$(AS_PROJECT_PATH)\logical\global.var" LastWriteTime="2022-12-15 11.15.36" />
    <Prerequisite ID="$(AS_PROJECT_PATH)\logical\libraries\runtime\runtime.var" LastWriteTime="2022-12-15 11.15.38" />
    <Prerequisite ID="$(AS_PROJECT_PATH)\logical\libraries\astcp\astcp.var" LastWriteTime="2022-12-15 11.15.38" />
    <Prerequisite ID="$(AS_PROJECT_PATH)\logical\recieve\types.typ" LastWriteTime="2022-12-15 11.15.38" />
    <CommandLine Parameter="&quot;$(AS_PROJECT_PATH)\Logical\Recieve\Main.st&quot;  -o &quot;$(AS_PROJECT_PATH)\Temp\Objects\Config1\X20CP1382\Recieve\Main.st.o&quot; -T SG4 -M IA32 -B E4.83 -G V4.1.2  -s &quot;Recieve&quot; -t &quot;$(AS_PROJECT_PATH)\Temp&quot; -pointers -extComments -extBitAccess -extConstants -D _SG4 -l &quot;$(AS_PROJECT_PATH)\Logical\Recieve\Types.typ&quot; &quot;$(AS_PROJECT_PATH)\Logical\Recieve\Variables.var&quot; -g &quot;$(AS_PROJECT_PATH)\Logical\Global.typ&quot; &quot;$(AS_PROJECT_PATH)\Logical\Libraries\operator\operator.typ&quot; &quot;$(AS_PROJECT_PATH)\Logical\Libraries\runtime\runtime.typ&quot; &quot;$(AS_PROJECT_PATH)\Logical\Libraries\astime\astime.typ&quot; &quot;$(AS_PROJECT_PATH)\Logical\Libraries\AsIecCon\AsIecCon.typ&quot; &quot;$(AS_PROJECT_PATH)\Logical\Libraries\standard\standard.typ&quot; &quot;$(AS_PROJECT_PATH)\Logical\Libraries\AsTCP\AsTCP.typ&quot; &quot;$(AS_PROJECT_PATH)\Logical\Libraries\AsBrStr\AsBrStr.typ&quot; &quot;$(AS_PROJECT_PATH)\Logical\Libraries\operator\operator.fun&quot; &quot;$(AS_PROJECT_PATH)\Logical\Libraries\runtime\runtime.fun&quot; &quot;$(AS_PROJECT_PATH)\Logical\Libraries\astime\astime.fun&quot; &quot;$(AS_PROJECT_PATH)\Logical\Libraries\AsIecCon\AsIecCon.fun&quot; &quot;$(AS_PROJECT_PATH)\Logical\Libraries\standard\standard.fun&quot; &quot;$(AS_PROJECT_PATH)\Logical\Libraries\AsTCP\AsTCP.fun&quot; &quot;$(AS_PROJECT_PATH)\Logical\Libraries\AsBrStr\AsBrStr.fun&quot; &quot;$(AS_PROJECT_PATH)\Logical\Global.var&quot; &quot;$(AS_PROJECT_PATH)\Logical\Libraries\operator\operator.var&quot; &quot;$(AS_PROJECT_PATH)\Logical\Libraries\runtime\runtime.var&quot; &quot;$(AS_PROJECT_PATH)\Logical\Libraries\astime\astime.var&quot; &quot;$(AS_PROJECT_PATH)\Logical\Libraries\AsIecCon\AsIecCon.var&quot; &quot;$(AS_PROJECT_PATH)\Logical\Libraries\standard\standard.var&quot; &quot;$(AS_PROJECT_PATH)\Logical\Libraries\AsTCP\AsTCP.var&quot; &quot;$(AS_PROJECT_PATH)\Logical\Libraries\AsBrStr\AsBrStr.var&quot; -P &quot;$(AS_PROJECT_PATH)&quot; " />
    <AdditionalBuildTrigger Key="IecDeclarationsInAnsiC" Value="False" />
  </Rule>
  <Rule ID="$(AS_PROJECT_PATH)\temp\objects\config1\x20cp1382\recieve\_bur_pvdef.st.o">
    <Prerequisite ID="c:\uni program files\as412\as\gnuinst\v4.1.2\4.9\i386-elf\include\bur\_bur_pvdef.st" LastWriteTime="2022-05-25 04.28.44" />
    <Prerequisite ID="$(AS_PROJECT_PATH)\temp\objects\config1\x20cp1382\recieve\main.st.o" LastWriteTime="2022-12-15 13.08.56" />
    <Prerequisite ID="$(AS_PROJECT_PATH)\logical\libraries\standard\standard.fun" LastWriteTime="2022-12-15 11.15.38" />
    <Prerequisite ID="$(AS_PROJECT_PATH)\logical\libraries\astcp\astcp.fun" LastWriteTime="2022-12-15 11.15.38" />
    <Prerequisite ID="$(AS_PROJECT_PATH)\logical\libraries\asbrstr\asbrstr.fun" LastWriteTime="2022-12-15 11.15.36" />
    <Prerequisite ID="$(AS_PROJECT_PATH)\logical\recieve\variables.var" LastWriteTime="2022-12-15 11.15.38" />
    <Prerequisite ID="$(AS_PROJECT_PATH)\logical\global.var" LastWriteTime="2022-12-15 11.15.36" />
    <Prerequisite ID="$(AS_PROJECT_PATH)\logical\libraries\runtime\runtime.var" LastWriteTime="2022-12-15 11.15.38" />
    <Prerequisite ID="$(AS_PROJECT_PATH)\logical\libraries\astcp\astcp.var" LastWriteTime="2022-12-15 11.15.38" />
    <Prerequisite ID="$(AS_PROJECT_PATH)\logical\recieve\types.typ" LastWriteTime="2022-12-15 11.15.38" />
    <CommandLine Parameter="&quot;C:\Uni Program Files\AS412\AS\gnuinst\V4.1.2\4.9\i386-elf\include\bur\_bur_pvdef.st&quot;  -o &quot;$(AS_PROJECT_PATH)\Temp\Objects\Config1\X20CP1382\Recieve\_bur_pvdef.st.o&quot; -S &quot;Main.st&quot;  -T SG4 -M IA32 -B E4.83 -G V4.1.2  -s &quot;Recieve&quot; -t &quot;$(AS_PROJECT_PATH)\Temp&quot; -pointers -extComments -extBitAccess -extConstants -D _SG4 -l &quot;$(AS_PROJECT_PATH)\Logical\Recieve\Types.typ&quot; &quot;$(AS_PROJECT_PATH)\Logical\Recieve\Variables.var&quot; -g &quot;$(AS_PROJECT_PATH)\Logical\Global.typ&quot; &quot;$(AS_PROJECT_PATH)\Logical\Libraries\operator\operator.typ&quot; &quot;$(AS_PROJECT_PATH)\Logical\Libraries\runtime\runtime.typ&quot; &quot;$(AS_PROJECT_PATH)\Logical\Libraries\astime\astime.typ&quot; &quot;$(AS_PROJECT_PATH)\Logical\Libraries\AsIecCon\AsIecCon.typ&quot; &quot;$(AS_PROJECT_PATH)\Logical\Libraries\standard\standard.typ&quot; &quot;$(AS_PROJECT_PATH)\Logical\Libraries\AsTCP\AsTCP.typ&quot; &quot;$(AS_PROJECT_PATH)\Logical\Libraries\AsBrStr\AsBrStr.typ&quot; &quot;$(AS_PROJECT_PATH)\Logical\Libraries\operator\operator.fun&quot; &quot;$(AS_PROJECT_PATH)\Logical\Libraries\runtime\runtime.fun&quot; &quot;$(AS_PROJECT_PATH)\Logical\Libraries\astime\astime.fun&quot; &quot;$(AS_PROJECT_PATH)\Logical\Libraries\AsIecCon\AsIecCon.fun&quot; &quot;$(AS_PROJECT_PATH)\Logical\Libraries\standard\standard.fun&quot; &quot;$(AS_PROJECT_PATH)\Logical\Libraries\AsTCP\AsTCP.fun&quot; &quot;$(AS_PROJECT_PATH)\Logical\Libraries\AsBrStr\AsBrStr.fun&quot; &quot;$(AS_PROJECT_PATH)\Logical\Global.var&quot; &quot;$(AS_PROJECT_PATH)\Logical\Libraries\operator\operator.var&quot; &quot;$(AS_PROJECT_PATH)\Logical\Libraries\runtime\runtime.var&quot; &quot;$(AS_PROJECT_PATH)\Logical\Libraries\astime\astime.var&quot; &quot;$(AS_PROJECT_PATH)\Logical\Libraries\AsIecCon\AsIecCon.var&quot; &quot;$(AS_PROJECT_PATH)\Logical\Libraries\standard\standard.var&quot; &quot;$(AS_PROJECT_PATH)\Logical\Libraries\AsTCP\AsTCP.var&quot; &quot;$(AS_PROJECT_PATH)\Logical\Libraries\AsBrStr\AsBrStr.var&quot; -P &quot;$(AS_PROJECT_PATH)&quot; " />
    <AdditionalBuildTrigger Key="IecDeclarationsInAnsiC" Value="False" />
  </Rule>
  <Rule ID="$(AS_PROJECT_PATH)\temp\objects\config1\x20cp1382\standard.br">
    <Prerequisite ID="c:\uni program files\as\system\e0483\sg4\ia32\standard.br" LastWriteTime="2022-02-01 12.00.46" />
    <CommandLine Parameter="C:\Uni Program Files\AS\System\E0483\SG4\Ia32\standard.br, $(AS_PROJECT_PATH)\Temp\Objects\Config1\X20CP1382\standard.br" />
  </Rule>
  <Rule ID="$(AS_PROJECT_PATH)\temp\objects\config1\x20cp1382\astcp.br">
    <Prerequisite ID="c:\uni program files\as\system\e0483\sg4\ia32\astcp.br" LastWriteTime="2022-02-01 12.00.16" />
    <CommandLine Parameter="C:\Uni Program Files\AS\System\E0483\SG4\Ia32\AsTCP.br, $(AS_PROJECT_PATH)\Temp\Objects\Config1\X20CP1382\AsTCP.br" />
  </Rule>
  <Rule ID="$(AS_PROJECT_PATH)\temp\objects\config1\x20cp1382\asbrstr.br">
    <Prerequisite ID="c:\uni program files\as\system\e0483\sg4\ia32\asbrstr.br" LastWriteTime="2022-02-01 12.00.16" />
    <CommandLine Parameter="C:\Uni Program Files\AS\System\E0483\SG4\Ia32\AsBrStr.br, $(AS_PROJECT_PATH)\Temp\Objects\Config1\X20CP1382\AsBrStr.br" />
  </Rule>
  <Rule ID="$(AS_PROJECT_PATH)\temp\objects\config1\x20cp1382\runtime.br">
    <Prerequisite ID="c:\uni program files\as\system\e0483\sg4\ia32\runtime.br" LastWriteTime="2022-02-01 12.00.46" />
    <CommandLine Parameter="C:\Uni Program Files\AS\System\E0483\SG4\Ia32\runtime.br, $(AS_PROJECT_PATH)\Temp\Objects\Config1\X20CP1382\runtime.br" />
  </Rule>
  <Rule ID="#cpu_tp.mak">
    <CommandLine Parameter=" -r -f &quot;$(AS_PROJECT_PATH)\Temp\Objects\Config1\X20CP1382\#cpu_tp.mak&quot; -k" />
  </Rule>
  <Rule ID="$(AS_PROJECT_PATH)\binaries\config1\x20cp1382\transfer.lst">
    <Prerequisite ID="$(AS_PROJECT_PATH)\temp\objects\config1\x20cp1382\ashwac.br" LastWriteTime="2022-12-15 11.15.38" />
    <Prerequisite ID="$(AS_PROJECT_PATH)\temp\objects\config1\x20cp1382\sysconf.br" LastWriteTime="2022-12-15 11.15.38" />
    <Prerequisite ID="$(AS_PROJECT_PATH)\temp\objects\config1\x20cp1382\asfw.br" LastWriteTime="2022-12-15 11.15.38" />
    <Prerequisite ID="$(AS_PROJECT_PATH)\temp\objects\config1\x20cp1382\ashwd.br" LastWriteTime="2022-12-15 11.15.38" />
    <Prerequisite ID="$(AS_PROJECT_PATH)\temp\objects\config1\x20cp1382\arconfig.br" LastWriteTime="2022-12-15 11.15.38" />
    <Prerequisite ID="$(AS_PROJECT_PATH)\temp\objects\config1\x20cp1382\udbdef.br" LastWriteTime="2022-05-25 04.28.54" />
    <Prerequisite ID="$(AS_PROJECT_PATH)\temp\objects\config1\x20cp1382\iomap.br" LastWriteTime="2022-12-15 11.15.38" />
    <Prerequisite ID="$(AS_PROJECT_PATH)\temp\objects\config1\x20cp1382\tcdata.br" LastWriteTime="2022-12-15 13.09.00" />
    <Prerequisite ID="$(AS_PROJECT_PATH)\temp\objects\config1\x20cp1382\role.br" LastWriteTime="2022-12-15 11.15.38" />
    <Prerequisite ID="$(AS_PROJECT_PATH)\temp\objects\config1\x20cp1382\user.br" LastWriteTime="2022-12-15 11.15.38" />
    <Prerequisite ID="$(AS_PROJECT_PATH)\temp\objects\config1\x20cp1382\fwrules.br" LastWriteTime="2022-12-15 11.15.38" />
    <Prerequisite ID="$(AS_PROJECT_PATH)\temp\objects\config1\x20cp1382\draw.br" LastWriteTime="2022-12-15 13.08.56" />
    <Prerequisite ID="$(AS_PROJECT_PATH)\temp\objects\config1\x20cp1382\recieve.br" LastWriteTime="2022-12-15 13.08.56" />
    <Prerequisite ID="$(AS_PROJECT_PATH)\temp\objects\config1\x20cp1382\standard.br" LastWriteTime="2022-02-01 12.00.46" />
    <Prerequisite ID="$(AS_PROJECT_PATH)\temp\objects\config1\x20cp1382\astcp.br" LastWriteTime="2022-02-01 12.00.16" />
    <Prerequisite ID="$(AS_PROJECT_PATH)\temp\objects\config1\x20cp1382\asbrstr.br" LastWriteTime="2022-02-01 12.00.16" />
    <Prerequisite ID="$(AS_PROJECT_PATH)\temp\objects\config1\x20cp1382\runtime.br" LastWriteTime="2022-02-01 12.00.46" />
    <Prerequisite ID="$(AS_PROJECT_PATH)\physical\config1\x20cp1382\cpu.sw" LastWriteTime="2022-12-15 11.15.38" />
    <CommandLine Parameter=" &quot;$(AS_PROJECT_PATH)\Program.apj&quot; -t &quot;$(AS_PROJECT_PATH)\Temp&quot; -o &quot;$(AS_PROJECT_PATH)\Binaries&quot; -c &quot;Config1&quot; -i &quot;C:\Uni Program Files\AS412&quot; -S &quot;X20CP1382&quot; -A &quot;X20CP1382&quot; -pil -swFiles &quot;$(AS_PROJECT_PATH)\Physical\Config1\X20CP1382\Cpu.sw&quot; -Z &quot;FMUExport: n.d, Connectivity: n.d, UnitSystem: n.d, TextSystem: n.d, ProgrammingSystem: n.d, RemanentData: n.d, AAS: n.d&quot; -C &quot;/COMT=2500 /RT=1000 /AM=* /SDT=5 /DAIP=192.168.1.5 /REPO=11159 /ANSL=1 /PT=11169&quot; -D &quot;/IF=tcpip /LOPO=11159 /SA=1&quot; -M IA32 -T SG4" />
  </Rule>
</RuleSetOptions>